report_source,Mkt Al,Op Al,Orig,Dest,Manu,Type,Aircraft Family,Aircraft Type,Equip,Flights,Seats,ASMs,Block Mins
2026-06,JA,J6,ADZ,BOG,Airbus,Narrow,A320,A320,320,43,7998,5982504,5805
2026-06,JA,J6,ADZ,CLO,Airbus,Narrow,A320,A320,320,30,5580,4017600,3810
2026-06,JA,J6,ADZ,MDE,Airbus,Narrow,A320,A320,320,69,12834,7892910,7590
2026-06,JA,J6,BAQ,BOG,Airbus,Narrow,A320,A320,320,33,6138,2627064,3133
2026-06,JA,J6,BAQ,MDE,Airbus,Narrow,A320,A320,320,24,4464,1464192,1920
2026-06,JA,J6,BGA,BOG,Airbus,Narrow,A320,A320,320,49,9114,1631406,2793
2026-06,JA,J6,BOG,ADZ,Airbus,Narrow,A320,A320,320,43,7998,5982504,5719
2026-06,JA,J6,BOG,BAQ,Airbus,Narrow,A320,A320,320,33,6138,2627064,3102
2026-06,JA,J6,BOG,BGA,Airbus,Narrow,A320,A320,320,49,9114,1631406,3136
2026-06,JA,J6,BOG,CLO,Airbus,Narrow,A320,A320,320,74,13764,2394936,5550
2026-06,JA,J6,BOG,CTG,Airbus,Narrow,A320,A320,320,132,24552,9943560,12804
2026-06,JA,J6,BOG,CUC,Airbus,Narrow,A320,A320,320,35,6510,1614480,2450
2026-06,JA,J6,BOG,MDE,Airbus,Narrow,A320,A320,320,242,45012,5986596,15962
2026-06,JA,J6,BOG,MTR,Airbus,Narrow,A320,A320,320,30,5580,1685160,2550
2026-06,JA,J6,BOG,PEI,Airbus,Narrow,A320,A320,320,89,16554,1837494,6408
2026-06,JA,J6,BOG,SMR,Airbus,Narrow,A320,A320,320,95,17670,7792470,9405
2026-06,JA,J6,CLO,ADZ,Airbus,Narrow,A320,A320,320,30,5580,4017600,3630
2026-06,JA,J6,CLO,BOG,Airbus,Narrow,A320,A320,320,74,13764,2394936,4705
2026-06,JA,J6,CLO,CTG,Airbus,Narrow,A320,A320,320,42,7812,3734136,3882
2026-06,JA,J6,CLO,MDE,Airbus,Narrow,A320,A320,320,72,13392,2571264,4027
2026-06,JA,J6,CLO,PUJ,Airbus,Narrow,A320,A320,320,13,2418,2819388,2301
2026-06,JA,J6,CLO,SMR,Airbus,Narrow,A320,A320,320,43,7998,4326918,4171
2026-06,JA,J6,CTG,BOG,Airbus,Narrow,A320,A320,320,133,24738,10018890,12346
2026-06,JA,J6,CTG,CLO,Airbus,Narrow,A320,A320,320,42,7812,3734136,3990
2026-06,JA,J6,CTG,MDE,Airbus,Narrow,A320,A320,320,142,26412,7765128,11166
2026-06,JA,J6,CTG,PEI,Airbus,Narrow,A320,A320,320,30,5580,2159460,2580
2026-06,JA,J6,CUC,BOG,Airbus,Narrow,A320,A320,320,35,6510,1614480,2243
2026-06,JA,J6,CUC,MDE,Airbus,Narrow,A320,A320,320,30,5580,1305720,2070
2026-06,JA,J6,MDE,ADZ,Airbus,Narrow,A320,A320,320,69,12834,7892910,7659
2026-06,JA,J6,MDE,BAQ,Airbus,Narrow,A320,A320,320,24,4464,1464192,1848
2026-06,JA,J6,MDE,BOG,Airbus,Narrow,A320,A320,320,241,44826,5961858,14405
2026-06,JA,J6,MDE,CLO,Airbus,Narrow,A320,A320,320,73,13578,2606976,4871
2026-06,JA,J6,MDE,CTG,Airbus,Narrow,A320,A320,320,143,26598,7819812,10290
2026-06,JA,J6,MDE,CUC,Airbus,Narrow,A320,A320,320,30,5580,1305720,2130
2026-06,JA,J6,MDE,MTR,Airbus,Narrow,A320,A320,320,30,5580,1004400,1830
2026-06,JA,J6,MDE,PUJ,Airbus,Narrow,A320,A320,320,12,2232,2178432,1848
2026-06,JA,J6,MDE,SCL,Airbus,Narrow,A320,A320,320,17,3162,8654394,6290
2026-06,JA,J6,MDE,SMR,Airbus,Narrow,A320,A320,320,75,13950,4882500,5992
2026-06,JA,J6,MTR,BOG,Airbus,Narrow,A320,A320,320,30,5580,1685160,2370
2026-06,JA,J6,MTR,MDE,Airbus,Narrow,A320,A320,320,30,5580,1004400,1830
2026-06,JA,J6,PEI,BOG,Airbus,Narrow,A320,A320,320,89,16554,1837494,5150
2026-06,JA,J6,PEI,CTG,Airbus,Narrow,A320,A320,320,30,5580,2159460,2400
2026-06,JA,J6,PUJ,CLO,Airbus,Narrow,A320,A320,320,12,2232,2602512,2160
2026-06,JA,J6,PUJ,MDE,Airbus,Narrow,A320,A320,320,13,2418,2359968,2015
2026-06,JA,J6,SCL,MDE,Airbus,Narrow,A320,A320,320,18,3348,9163476,6912
2026-06,JA,J6,SMR,BOG,Airbus,Narrow,A320,A320,320,95,17670,7792470,8550
2026-06,JA,J6,SMR,CLO,Airbus,Narrow,A320,A320,320,43,7998,4326918,4252
2026-06,JA,J6,SMR,MDE,Airbus,Narrow,A320,A320,320,75,13950,4882500,5763
2026-06,JA,JA,AEP,SCL,Airbus,Narrow,A320,A320,320,16,2976,2124864,2336
2026-06,JA,JA,AEP,SCL,Airbus,Narrow,A320,A321,321,12,2880,2056320,1752
2026-06,JA,JA,ANF,CCP,Airbus,Narrow,A320,A320,320,38,7068,6587376,5586
2026-06,JA,JA,ANF,CLO,Airbus,Narrow,A320,A320,320,10,1860,3530280,2810
2026-06,JA,JA,ANF,CLO,Airbus,Narrow,A320,A321,321,3,720,1366560,843
2026-06,JA,JA,ANF,LSC,Airbus,Narrow,A320,A320,320,28,5208,2333184,2492
2026-06,JA,JA,ANF,LSC,Airbus,Narrow,A320,A321,321,2,480,215040,178
2026-06,JA,JA,ANF,SCL,Airbus,Narrow,A320,A320,320,28,5208,3567480,3271
2026-06,JA,JA,ANF,SCL,Airbus,Narrow,A320,A321,321,32,7680,5260800,3734
2026-06,JA,JA,ARI,LSC,Airbus,Narrow,A320,A320,320,17,3162,2526438,2142
2026-06,JA,JA,CCP,ANF,Airbus,Narrow,A320,A320,320,38,7068,6587376,5510
2026-06,JA,JA,CCP,CJC,Airbus,Narrow,A320,A320,320,29,5394,5474910,4437
2026-06,JA,JA,CCP,CJC,Airbus,Narrow,A320,A321,321,2,480,487200,306
2026-06,JA,JA,CCP,IQQ,Airbus,Narrow,A320,A320,320,22,4092,4718076,3696
2026-06,JA,JA,CCP,LSC,Airbus,Narrow,A320,A320,320,17,3162,1533570,1496
2026-06,JA,JA,CCP,SCL,Airbus,Narrow,A320,A320,320,23,4278,1142226,1587
2026-06,JA,JA,CCP,SCL,Airbus,Narrow,A320,A321,321,2,480,128160,138
2026-06,JA,JA,CJC,CCP,Airbus,Narrow,A320,A320,320,24,4464,4530960,3816
2026-06,JA,JA,CJC,CCP,Airbus,Narrow,A320,A321,321,2,480,487200,318
2026-06,JA,JA,CJC,LSC,Airbus,Narrow,A320,A320,320,19,3534,1873020,1919
2026-06,JA,JA,CJC,LSC,Airbus,Narrow,A320,A321,321,10,2400,1272000,1010
2026-06,JA,JA,CJC,SCL,Airbus,Narrow,A320,A320,320,46,8556,6494004,5842
2026-06,JA,JA,CJC,SCL,Airbus,Narrow,A320,A321,321,20,4800,3643200,2546
2026-06,JA,JA,CLO,ANF,Airbus,Narrow,A320,A320,320,10,1860,3530280,2650
2026-06,JA,JA,CLO,ANF,Airbus,Narrow,A320,A321,321,3,720,1366560,795
2026-06,JA,JA,CLO,SCL,Airbus,Narrow,A320,A320,320,12,2232,5727312,4104
2026-06,JA,JA,CLO,SCL,Airbus,Narrow,A320,A321,321,5,1200,3079200,1710
2026-06,JA,JA,EZE,SCL,Airbus,Narrow,A320,A321,321,1,240,170160,146
2026-06,JA,JA,GIG,MDZ,Airbus,Narrow,A320,A321,321,8,1920,3269760,2160
2026-06,JA,JA,GIG,MVD,Airbus,Narrow,A320,A320,320,2,372,421476,388
2026-06,JA,JA,GIG,MVD,Airbus,Narrow,A320,A321,321,28,6720,7613760,5432
2026-06,JA,JA,GIG,SCL,Airbus,Narrow,A320,A320,320,3,558,1018350,900
2026-06,JA,JA,GIG,SCL,Airbus,Narrow,A320,A321,321,49,11760,21462000,14700
2026-06,JA,JA,GRU,SCL,Airbus,Narrow,A320,A320,320,10,1860,3024360,2690
2026-06,JA,JA,GRU,SCL,Airbus,Narrow,A320,A321,321,41,9840,15999840,11029
2026-06,JA,JA,IGU,SCL,Airbus,Narrow,A320,A320,320,2,372,414780,396
2026-06,JA,JA,IGU,SCL,Airbus,Narrow,A320,A321,321,6,1440,1605600,1188
2026-06,JA,JA,IQQ,CCP,Airbus,Narrow,A320,A320,320,22,4092,4718076,3762
2026-06,JA,JA,IQQ,LSC,Airbus,Narrow,A320,A320,320,17,3162,2118540,1904
2026-06,JA,JA,IQQ,LSC,Airbus,Narrow,A320,A321,321,13,3120,2090400,1456
2026-06,JA,JA,IQQ,SCL,Airbus,Narrow,A320,A320,320,4,744,674808,552
2026-06,JA,JA,IQQ,SCL,Airbus,Narrow,A320,A321,321,28,6720,6095040,3864
2026-06,JA,JA,LIM,SCL,Airbus,Narrow,A320,A320,320,6,1116,1700784,1326
2026-06,JA,JA,LIM,SCL,Airbus,Narrow,A320,A321,321,2,480,731520,442
2026-06,JA,JA,LSC,ANF,Airbus,Narrow,A320,A320,320,28,5208,2333184,2296
2026-06,JA,JA,LSC,ANF,Airbus,Narrow,A320,A321,321,2,480,215040,164
2026-06,JA,JA,LSC,ARI,Airbus,Narrow,A320,A320,320,17,3162,2526438,2091
2026-06,JA,JA,LSC,CCP,Airbus,Narrow,A320,A320,320,17,3162,1533570,1513
2026-06,JA,JA,LSC,CJC,Airbus,Narrow,A320,A320,320,19,3534,1873020,1710
2026-06,JA,JA,LSC,CJC,Airbus,Narrow,A320,A321,321,11,2640,1399200,990
2026-06,JA,JA,LSC,IQQ,Airbus,Narrow,A320,A320,320,4,744,498480,432
2026-06,JA,JA,LSC,IQQ,Airbus,Narrow,A320,A321,321,26,6240,4180800,2808
2026-06,JA,JA,LSC,SCL,Airbus,Narrow,A320,A320,320,23,4278,1030998,1380
2026-06,JA,JA,LSC,SCL,Airbus,Narrow,A320,A321,321,18,4320,1041120,1080
2026-06,JA,JA,MDZ,GIG,Airbus,Narrow,A320,A321,321,8,1920,3269760,1744
2026-06,JA,JA,MDZ,SCL,Airbus,Narrow,A320,A320,320,14,2604,317688,896
2026-06,JA,JA,MDZ,SCL,Airbus,Narrow,A320,A321,321,19,4560,556320,1216
2026-06,JA,JA,MVD,GIG,Airbus,Narrow,A320,A320,320,2,372,421476,330
2026-06,JA,JA,MVD,GIG,Airbus,Narrow,A320,A321,321,28,6720,7613760,4620
2026-06,JA,JA,PMC,SCL,Airbus,Narrow,A320,A320,320,12,2232,1270008,1248
2026-06,JA,JA,PMC,SCL,Airbus,Narrow,A320,A321,321,8,1920,1092480,832
2026-06,JA,JA,SCL,AEP,Airbus,Narrow,A320,A320,320,16,2976,2124864,2048
2026-06,JA,JA,SCL,AEP,Airbus,Narrow,A320,A321,321,12,2880,2056320,1536
2026-06,JA,JA,SCL,ANF,Airbus,Narrow,A320,A320,320,28,5208,3567480,3499
2026-06,JA,JA,SCL,ANF,Airbus,Narrow,A320,A321,321,32,7680,5260800,3998
2026-06,JA,JA,SCL,CCP,Airbus,Narrow,A320,A320,320,28,5208,1390536,1960
2026-06,JA,JA,SCL,CCP,Airbus,Narrow,A320,A321,321,2,480,128160,136
2026-06,JA,JA,SCL,CJC,Airbus,Narrow,A320,A320,320,41,7626,5788134,5330
2026-06,JA,JA,SCL,CJC,Airbus,Narrow,A320,A321,321,19,4560,3461040,2474
2026-06,JA,JA,SCL,CLO,Airbus,Narrow,A320,A320,320,12,2232,5727312,4380
2026-06,JA,JA,SCL,CLO,Airbus,Narrow,A320,A321,321,5,1200,3079200,1825
2026-06,JA,JA,SCL,EZE,Airbus,Narrow,A320,A321,321,1,240,170160,128
2026-06,JA,JA,SCL,GIG,Airbus,Narrow,A320,A320,320,3,558,1018350,744
2026-06,JA,JA,SCL,GIG,Airbus,Narrow,A320,A321,321,49,11760,21462000,12152
2026-06,JA,JA,SCL,GRU,Airbus,Narrow,A320,A320,320,10,1860,3024360,2350
2026-06,JA,JA,SCL,GRU,Airbus,Narrow,A320,A321,321,41,9840,15999840,9635
2026-06,JA,JA,SCL,IGU,Airbus,Narrow,A320,A320,320,2,372,414780,352
2026-06,JA,JA,SCL,IGU,Airbus,Narrow,A320,A321,321,6,1440,1605600,1056
2026-06,JA,JA,SCL,IQQ,Airbus,Narrow,A320,A320,320,17,3162,2867934,2482
2026-06,JA,JA,SCL,IQQ,Airbus,Narrow,A320,A321,321,15,3600,3265200,2190
2026-06,JA,JA,SCL,LIM,Airbus,Narrow,A320,A320,320,6,1116,1700784,1434
2026-06,JA,JA,SCL,LIM,Airbus,Narrow,A320,A321,321,2,480,731520,478
2026-06,JA,JA,SCL,LSC,Airbus,Narrow,A320,A320,320,10,1860,448260,710
2026-06,JA,JA,SCL,LSC,Airbus,Narrow,A320,A321,321,32,7680,1850880,2272
2026-06,JA,JA,SCL,MDZ,Airbus,Narrow,A320,A320,320,14,2604,317688,924
2026-06,JA,JA,SCL,MDZ,Airbus,Narrow,A320,A321,321,19,4560,556320,1254
2026-06,JA,JA,SCL,PMC,Airbus,Narrow,A320,A320,320,12,2232,1270008,1308
2026-06,JA,JA,SCL,PMC,Airbus,Narrow,A320,A321,321,8,1920,1092480,872
2026-06,JA,JA,SCL,TRU,Airbus,Narrow,A320,A320,320,12,2232,4062240,3216
2026-06,JA,JA,SCL,TRU,Airbus,Narrow,A320,A321,321,1,240,436800,268
2026-06,JA,JA,SCL,ZCO,Airbus,Narrow,A320,A320,320,10,1860,716100,880
2026-06,JA,JA,SCL,ZCO,Airbus,Narrow,A320,A321,321,3,720,277200,264
2026-06,JA,JA,TRU,SCL,Airbus,Narrow,A320,A320,320,12,2232,4062240,2928
2026-06,JA,JA,TRU,SCL,Airbus,Narrow,A320,A321,321,1,240,436800,244
2026-06,JA,JA,ZCO,SCL,Airbus,Narrow,A320,A320,320,10,1860,716100,850
2026-06,JA,JA,ZCO,SCL,Airbus,Narrow,A320,A321,321,3,720,277200,255
2026-06,JA,JZ,AEP,LIM,Airbus,Narrow,A320,A320,320,30,5580,10858680,8790
2026-06,JA,JZ,AQP,LIM,Airbus,Narrow,A320,A320,320,67,12462,5931912,6700
2026-06,JA,JZ,CIX,LIM,Airbus,Narrow,A320,A320,320,32,5952,2410560,2684
2026-06,JA,JZ,CJA,LIM,Airbus,Narrow,A320,A320,320,30,5580,1947420,2218
2026-06,JA,JZ,CTG,LIM,Airbus,Narrow,A320,A320,320,10,1860,2879280,2190
2026-06,JA,JZ,CUZ,LIM,Airbus,Narrow,A320,A320,320,236,43896,15934248,23564
2026-06,JA,JZ,LIM,AEP,Airbus,Narrow,A320,A320,320,30,5580,10858680,7950
2026-06,JA,JZ,LIM,AQP,Airbus,Narrow,A320,A320,320,67,12462,5931912,6164
2026-06,JA,JZ,LIM,CIX,Airbus,Narrow,A320,A320,320,32,5952,2410560,2912
2026-06,JA,JZ,LIM,CJA,Airbus,Narrow,A320,A320,320,30,5580,1947420,2548
2026-06,JA,JZ,LIM,CTG,Airbus,Narrow,A320,A320,320,10,1860,2879280,2260
2026-06,JA,JZ,LIM,CUZ,Airbus,Narrow,A320,A320,320,236,43896,15934248,20060
2026-06,JA,JZ,LIM,MDE,Airbus,Narrow,A320,A320,320,30,5580,7002900,5850
2026-06,JA,JZ,LIM,PIU,Airbus,Narrow,A320,A320,320,22,4092,2152392,2420
2026-06,JA,JZ,LIM,SCL,Airbus,Narrow,A320,A320,320,30,5580,8503920,6630
2026-06,JA,JZ,LIM,TPP,Airbus,Narrow,A320,A320,320,52,9672,3694704,4680
2026-06,JA,JZ,LIM,UIO,Airbus,Narrow,A320,A320,320,12,2232,1834704,1728
2026-06,JA,JZ,MDE,LIM,Airbus,Narrow,A320,A320,320,30,5580,7002900,5700
2026-06,JA,JZ,PIU,LIM,Airbus,Narrow,A320,A320,320,22,4092,2152392,2038
2026-06,JA,JZ,SCL,LIM,Airbus,Narrow,A320,A320,320,30,5580,8503920,7170
2026-06,JA,JZ,TPP,LIM,Airbus,Narrow,A320,A320,320,52,9672,3694704,4358
2026-06,JA,JZ,UIO,LIM,Airbus,Narrow,A320,A320,320,12,2232,1834704,1632
2026-06,JA,WJ,AEP,ASU,Airbus,Narrow,A320,A320,320,30,5580,3593520,3360
2026-06,JA,WJ,AEP,ASU,Airbus,Narrow,A320,A321,321,9,2160,1391040,1008
2026-06,JA,WJ,AEP,BRC,Airbus,Narrow,A320,A320,320,31,5766,4791546,4495
2026-06,JA,WJ,AEP,BRC,Airbus,Narrow,A320,A321,321,47,11280,9373680,6815
2026-06,JA,WJ,AEP,COR,Airbus,Narrow,A320,A320,320,79,14694,5936376,6952
2026-06,JA,WJ,AEP,COR,Airbus,Narrow,A320,A321,321,44,10560,4266240,3872
2026-06,JA,WJ,AEP,CPC,Airbus,Narrow,A320,A320,320,14,2604,2072784,1988
2026-06,JA,WJ,AEP,CRD,Airbus,Narrow,A320,A320,320,24,4464,4057776,3576
2026-06,JA,WJ,AEP,CRD,Airbus,Narrow,A320,A321,321,6,1440,1308960,894
2026-06,JA,WJ,AEP,GIG,Airbus,Narrow,A320,A320,320,11,2046,2504304,1925
2026-06,JA,WJ,AEP,GIG,Airbus,Narrow,A320,A321,321,41,9840,12044160,7175
2026-06,JA,WJ,AEP,IGR,Airbus,Narrow,A320,A320,320,35,6510,4244520,3990
2026-06,JA,WJ,AEP,IGR,Airbus,Narrow,A320,A321,321,57,13680,8919360,6498
2026-06,JA,WJ,AEP,MDZ,Airbus,Narrow,A320,A320,320,48,8928,5437152,5712
2026-06,JA,WJ,AEP,MDZ,Airbus,Narrow,A320,A321,321,48,11520,7015680,5712
2026-06,JA,WJ,AEP,NAT,Airbus,Narrow,A320,A320,320,13,2418,5967624,4355
2026-06,JA,WJ,AEP,NQN,Airbus,Narrow,A320,A320,320,40,7440,4605360,4760
2026-06,JA,WJ,AEP,NQN,Airbus,Narrow,A320,A321,321,41,9840,6090960,4879
2026-06,JA,WJ,AEP,REC,Airbus,Narrow,A320,A320,320,13,2418,5689554,4108
2026-06,JA,WJ,AEP,REL,Airbus,Narrow,A320,A320,320,15,2790,1964160,1875
2026-06,JA,WJ,AEP,REL,Airbus,Narrow,A320,A321,321,1,240,168960,125
2026-06,JA,WJ,AEP,RES,Airbus,Narrow,A320,A320,320,30,5580,2739780,2850
2026-06,JA,WJ,AEP,SCL,Airbus,Narrow,A320,A320,320,9,1674,1195236,1314
2026-06,JA,WJ,AEP,SCL,Airbus,Narrow,A320,A321,321,35,8400,5997600,5110
2026-06,JA,WJ,AEP,SLA,Airbus,Narrow,A320,A320,320,31,5766,4560906,4216
2026-06,JA,WJ,AEP,SLA,Airbus,Narrow,A320,A321,321,40,9600,7593600,5440
2026-06,JA,WJ,AEP,TUC,Airbus,Narrow,A320,A320,320,17,3162,2112216,2040
2026-06,JA,WJ,AEP,TUC,Airbus,Narrow,A320,A321,321,28,6720,4488960,3360
2026-06,JA,WJ,AEP,USH,Airbus,Narrow,A320,A320,320,8,1488,2197776,1744
2026-06,JA,WJ,AEP,USH,Airbus,Narrow,A320,A321,321,2,480,708960,436
2026-06,JA,WJ,ASU,AEP,Airbus,Narrow,A320,A320,320,21,3906,2515464,2415
2026-06,JA,WJ,ASU,AEP,Airbus,Narrow,A320,A321,321,9,2160,1391040,1035
2026-06,JA,WJ,ASU,EZE,Airbus,Narrow,A320,A320,320,9,1674,1109862,1035
2026-06,JA,WJ,BRC,AEP,Airbus,Narrow,A320,A320,320,37,6882,5718942,4625
2026-06,JA,WJ,BRC,AEP,Airbus,Narrow,A320,A321,321,59,14160,11766960,7375
2026-06,JA,WJ,BRC,EZE,Airbus,Narrow,A320,A320,320,21,3906,3179484,2625
2026-06,JA,WJ,BRC,EZE,Airbus,Narrow,A320,A321,321,10,2400,1953600,1250
2026-06,JA,WJ,COR,AEP,Airbus,Narrow,A320,A320,320,79,14694,5936376,6162
2026-06,JA,WJ,COR,AEP,Airbus,Narrow,A320,A321,321,44,10560,4266240,3432
2026-06,JA,WJ,CPC,AEP,Airbus,Narrow,A320,A320,320,17,3162,2516952,2040
2026-06,JA,WJ,CRD,AEP,Airbus,Narrow,A320,A320,320,24,4464,4057776,3360
2026-06,JA,WJ,CRD,AEP,Airbus,Narrow,A320,A321,321,6,1440,1308960,840
2026-06,JA,WJ,EZE,BRC,Airbus,Narrow,A320,A320,320,27,5022,4087908,3915
2026-06,JA,WJ,EZE,BRC,Airbus,Narrow,A320,A321,321,20,4800,3907200,2900
2026-06,JA,WJ,EZE,CPC,Airbus,Narrow,A320,A320,320,3,558,435798,426
2026-06,JA,WJ,EZE,IGR,Airbus,Narrow,A320,A320,320,14,2604,1747284,1596
2026-06,JA,WJ,EZE,IGR,Airbus,Narrow,A320,A321,321,6,1440,966240,684
2026-06,JA,WJ,EZE,MDZ,Airbus,Narrow,A320,A320,320,12,2232,1350360,1428
2026-06,JA,WJ,EZE,MDZ,Airbus,Narrow,A320,A321,321,4,960,580800,476
2026-06,JA,WJ,EZE,NQN,Airbus,Narrow,A320,A320,320,10,1860,1123440,1190
2026-06,JA,WJ,EZE,NQN,Airbus,Narrow,A320,A321,321,10,2400,1449600,1190
2026-06,JA,WJ,EZE,REL,Airbus,Narrow,A320,A320,320,2,372,254820,250
2026-06,JA,WJ,EZE,SLA,Airbus,Narrow,A320,A321,321,1,240,192480,136
2026-06,JA,WJ,EZE,TUC,Airbus,Narrow,A320,A320,320,1,186,126108,120
2026-06,JA,WJ,EZE,TUC,Airbus,Narrow,A320,A321,321,11,2640,1789920,1320
2026-06,JA,WJ,EZE,USH,Airbus,Narrow,A320,A320,320,2,372,542376,436
2026-06,JA,WJ,GIG,AEP,Airbus,Narrow,A320,A320,320,11,2046,2504304,2255
2026-06,JA,WJ,GIG,AEP,Airbus,Narrow,A320,A321,321,41,9840,12044160,8405
2026-06,JA,WJ,IGR,AEP,Airbus,Narrow,A320,A320,320,36,6696,4365792,4320
2026-06,JA,WJ,IGR,AEP,Airbus,Narrow,A320,A321,321,52,12480,8136960,6240
2026-06,JA,WJ,IGR,EZE,Airbus,Narrow,A320,A320,320,13,2418,1622478,1560
2026-06,JA,WJ,IGR,EZE,Airbus,Narrow,A320,A321,321,11,2640,1771440,1320
2026-06,JA,WJ,MDZ,AEP,Airbus,Narrow,A320,A320,320,52,9672,5890248,5148
2026-06,JA,WJ,MDZ,AEP,Airbus,Narrow,A320,A321,321,39,9360,5700240,3861
2026-06,JA,WJ,MDZ,EZE,Airbus,Narrow,A320,A320,320,8,1488,900240,792
2026-06,JA,WJ,MDZ,EZE,Airbus,Narrow,A320,A321,321,13,3120,1887600,1287
2026-06,JA,WJ,MDZ,SLA,Airbus,Narrow,A320,A320,320,4,744,435240,396
2026-06,JA,WJ,MDZ,SLA,Airbus,Narrow,A320,A321,321,9,2160,1263600,891
2026-06,JA,WJ,MVD,BRC,Airbus,Narrow,A320,A321,321,2,480,447360,342
2026-06,JA,WJ,MVD,REC,Airbus,Narrow,A320,A320,320,1,186,423150,306
2026-06,JA,WJ,NAT,AEP,Airbus,Narrow,A320,A320,320,13,2418,5967624,4615
2026-06,JA,WJ,NQN,AEP,Airbus,Narrow,A320,A320,320,36,6696,4144824,3600
2026-06,JA,WJ,NQN,AEP,Airbus,Narrow,A320,A321,321,50,12000,7428000,5000
2026-06,JA,WJ,NQN,EZE,Airbus,Narrow,A320,A320,320,9,1674,1011096,900
2026-06,JA,WJ,NQN,EZE,Airbus,Narrow,A320,A321,321,6,1440,869760,600
2026-06,JA,WJ,NQN,SLA,Airbus,Narrow,A320,A320,320,7,1302,1281168,1029
2026-06,JA,WJ,NQN,SLA,Airbus,Narrow,A320,A321,321,10,2400,2361600,1470
2026-06,JA,WJ,REC,AEP,Airbus,Narrow,A320,A320,320,13,2418,5689554,4290
2026-06,JA,WJ,REC,EZE,Airbus,Narrow,A320,A320,320,1,186,440820,330
2026-06,JA,WJ,REL,AEP,Airbus,Narrow,A320,A320,320,17,3162,2226048,1989
2026-06,JA,WJ,REL,AEP,Airbus,Narrow,A320,A321,321,1,240,168960,117
2026-06,JA,WJ,RES,AEP,Airbus,Narrow,A320,A320,320,30,5580,2739780,2730
2026-06,JA,WJ,SCL,AEP,Airbus,Narrow,A320,A320,320,9,1674,1195236,1152
2026-06,JA,WJ,SCL,AEP,Airbus,Narrow,A320,A321,321,35,8400,5997600,4480
2026-06,JA,WJ,SLA,AEP,Airbus,Narrow,A320,A320,320,31,5766,4560906,3875
2026-06,JA,WJ,SLA,AEP,Airbus,Narrow,A320,A321,321,29,6960,5505360,3625
2026-06,JA,WJ,SLA,EZE,Airbus,Narrow,A320,A320,320,5,930,745860,625
2026-06,JA,WJ,SLA,EZE,Airbus,Narrow,A320,A321,321,7,1680,1347360,875
2026-06,JA,WJ,SLA,MDZ,Airbus,Narrow,A320,A320,320,4,744,435240,420
2026-06,JA,WJ,SLA,MDZ,Airbus,Narrow,A320,A321,321,9,2160,1263600,945
2026-06,JA,WJ,SLA,NQN,Airbus,Narrow,A320,A320,320,2,372,366048,310
2026-06,JA,WJ,SLA,NQN,Airbus,Narrow,A320,A321,321,15,3600,3542400,2325
2026-06,JA,WJ,TUC,AEP,Airbus,Narrow,A320,A320,320,14,2604,1739472,1512
2026-06,JA,WJ,TUC,AEP,Airbus,Narrow,A320,A321,321,31,7440,4969920,3348
2026-06,JA,WJ,TUC,EZE,Airbus,Narrow,A320,A320,320,4,744,504432,432
2026-06,JA,WJ,TUC,EZE,Airbus,Narrow,A320,A321,321,8,1920,1301760,864
2026-06,JA,WJ,USH,AEP,Airbus,Narrow,A320,A320,320,10,1860,2747220,2100
2026-06,JA,WJ,USH,AEP,Airbus,Narrow,A320,A321,321,2,480,708960,420
2027-07,JA,J6,ADZ,BOG,Airbus,Narrow,A320,A320,320,45,8370,6260760,6075
2027-07,JA,J6,ADZ,CLO,Airbus,Narrow,A320,A320,320,31,5766,4151520,3937
2027-07,JA,J6,ADZ,MDE,Airbus,Narrow,A320,A320,320,71,13206,8121690,7810
2027-07,JA,J6,BAQ,BOG,Airbus,Narrow,A320,A320,320,31,5766,2467848,2945
2027-07,JA,J6,BAQ,MDE,Airbus,Narrow,A320,A320,320,23,4278,1403184,1837
2027-07,JA,J6,BGA,BOG,Airbus,Narrow,A320,A320,320,52,9672,1731288,2964
2027-07,JA,J6,BOG,ADZ,Airbus,Narrow,A320,A320,320,45,8370,6260760,5985
2027-07,JA,J6,BOG,BAQ,Airbus,Narrow,A320,A320,320,31,5766,2467848,2914
2027-07,JA,J6,BOG,BGA,Airbus,Narrow,A320,A320,320,52,9672,1731288,3328
2027-07,JA,J6,BOG,CLO,Airbus,Narrow,A320,A320,320,71,13206,2297844,5325
2027-07,JA,J6,BOG,CTG,Airbus,Narrow,A320,A320,320,122,22692,9190260,11834
2027-07,JA,J6,BOG,CUC,Airbus,Narrow,A320,A320,320,40,7440,1845120,2800
2027-07,JA,J6,BOG,MDE,Airbus,Narrow,A320,A320,320,235,43710,5813430,15502
2027-07,JA,J6,BOG,MTR,Airbus,Narrow,A320,A320,320,31,5766,1741332,2635
2027-07,JA,J6,BOG,PEI,Airbus,Narrow,A320,A320,320,85,15810,1754910,6120
2027-07,JA,J6,BOG,SMR,Airbus,Narrow,A320,A320,320,91,16926,7464366,9009
2027-07,JA,J6,CLO,ADZ,Airbus,Narrow,A320,A320,320,31,5766,4151520,3751
2027-07,JA,J6,CLO,BOG,Airbus,Narrow,A320,A320,320,71,13206,2297844,4531
2027-07,JA,J6,CLO,CTG,Airbus,Narrow,A320,A320,320,44,8184,3911952,4064
2027-07,JA,J6,CLO,MDE,Airbus,Narrow,A320,A320,320,71,13206,2535552,3972
2027-07,JA,J6,CLO,PUJ,Airbus,Narrow,A320,A320,320,13,2418,2819388,2301
2027-07,JA,J6,CLO,SMR,Airbus,Narrow,A320,A320,320,44,8184,4427544,4263
2027-07,JA,J6,CTG,BOG,Airbus,Narrow,A320,A320,320,126,23436,9491580,11693
2027-07,JA,J6,CTG,CLO,Airbus,Narrow,A320,A320,320,44,8184,3911952,4180
2027-07,JA,J6,CTG,MDE,Airbus,Narrow,A320,A320,320,126,23436,6890184,9908
2027-07,JA,J6,CTG,PEI,Airbus,Narrow,A320,A320,320,31,5766,2231442,2666
2027-07,JA,J6,CUC,BOG,Airbus,Narrow,A320,A320,320,40,7440,1845120,2560
2027-07,JA,J6,CUC,MDE,Airbus,Narrow,A320,A320,320,31,5766,1349244,2139
2027-07,JA,J6,MDE,ADZ,Airbus,Narrow,A320,A320,320,71,13206,8121690,7881
2027-07,JA,J6,MDE,BAQ,Airbus,Narrow,A320,A320,320,23,4278,1403184,1769
2027-07,JA,J6,MDE,BOG,Airbus,Narrow,A320,A320,320,231,42966,5714478,13777
2027-07,JA,J6,MDE,CLO,Airbus,Narrow,A320,A320,320,70,13020,2499840,4674
2027-07,JA,J6,MDE,CTG,Airbus,Narrow,A320,A320,320,130,24180,7108920,9350
2027-07,JA,J6,MDE,CUC,Airbus,Narrow,A320,A320,320,31,5766,1349244,2201
2027-07,JA,J6,MDE,MTR,Airbus,Narrow,A320,A320,320,31,5766,1037880,1891
2027-07,JA,J6,MDE,PUJ,Airbus,Narrow,A320,A320,320,14,2604,2541504,2156
2027-07,JA,J6,MDE,SCL,Airbus,Narrow,A320,A320,320,18,3348,9163476,6660
2027-07,JA,J6,MDE,SMR,Airbus,Narrow,A320,A320,320,79,14694,5142900,6310
2027-07,JA,J6,MTR,BOG,Airbus,Narrow,A320,A320,320,31,5766,1741332,2449
2027-07,JA,J6,MTR,MDE,Airbus,Narrow,A320,A320,320,31,5766,1037880,1891
2027-07,JA,J6,PEI,BOG,Airbus,Narrow,A320,A320,320,85,15810,1754910,4915
2027-07,JA,J6,PEI,CTG,Airbus,Narrow,A320,A320,320,31,5766,2231442,2480
2027-07,JA,J6,PUJ,CLO,Airbus,Narrow,A320,A320,320,14,2604,3036264,2520
2027-07,JA,J6,PUJ,MDE,Airbus,Narrow,A320,A320,320,13,2418,2359968,2015
2027-07,JA,J6,SCL,MDE,Airbus,Narrow,A320,A320,320,17,3162,8654394,6528
2027-07,JA,J6,SMR,BOG,Airbus,Narrow,A320,A320,320,91,16926,7464366,8190
2027-07,JA,J6,SMR,CLO,Airbus,Narrow,A320,A320,320,44,8184,4427544,4352
2027-07,JA,J6,SMR,MDE,Airbus,Narrow,A320,A320,320,79,14694,5142900,6068
2027-07,JA,JA,AEP,SCL,Airbus,Narrow,A320,A320,320,31,5766,4116924,4526
2027-07,JA,JA,AEP,SCL,Airbus,Narrow,A320,A321,321,17,4080,2913120,2477
2027-07,JA,JA,ANF,CCP,Airbus,Narrow,A320,A320,320,31,5766,5373912,4557
2027-07,JA,JA,ANF,CCP,Airbus,Narrow,A320,A321,321,2,480,447360,286
2027-07,JA,JA,ANF,CLO,Airbus,Narrow,A320,A320,320,13,2418,4589364,3653
2027-07,JA,JA,ANF,LSC,Airbus,Narrow,A320,A320,320,29,5394,2416512,2581
2027-07,JA,JA,ANF,SCL,Airbus,Narrow,A320,A320,320,49,9114,6243090,5733
2027-07,JA,JA,ANF,SCL,Airbus,Narrow,A320,A321,321,18,4320,2959200,2132
2027-07,JA,JA,ARI,LSC,Airbus,Narrow,A320,A320,320,17,3162,2526438,2142
2027-07,JA,JA,CCP,ANF,Airbus,Narrow,A320,A320,320,30,5580,5200560,4350
2027-07,JA,JA,CCP,ANF,Airbus,Narrow,A320,A321,321,2,480,447360,290
2027-07,JA,JA,CCP,CJC,Airbus,Narrow,A320,A320,320,33,6138,6230070,5049
2027-07,JA,JA,CCP,IQQ,Airbus,Narrow,A320,A320,320,19,3534,4074702,3192
2027-07,JA,JA,CCP,LSC,Airbus,Narrow,A320,A320,320,17,3162,1533570,1496
2027-07,JA,JA,CCP,SCL,Airbus,Narrow,A320,A320,320,22,4092,1092564,1519
2027-07,JA,JA,CCP,SCL,Airbus,Narrow,A320,A321,321,2,480,128160,138
2027-07,JA,JA,CJC,CCP,Airbus,Narrow,A320,A320,320,29,5394,5474910,4611
2027-07,JA,JA,CJC,LSC,Airbus,Narrow,A320,A320,320,32,5952,3154560,3230
2027-07,JA,JA,CJC,SCL,Airbus,Narrow,A320,A320,320,61,11346,8611614,7746
2027-07,JA,JA,CJC,SCL,Airbus,Narrow,A320,A321,321,6,1440,1092960,762
2027-07,JA,JA,CLO,ANF,Airbus,Narrow,A320,A320,320,13,2418,4589364,3445
2027-07,JA,JA,CLO,SCL,Airbus,Narrow,A320,A320,320,10,1860,4772760,3420
2027-07,JA,JA,CLO,SCL,Airbus,Narrow,A320,A321,321,8,1920,4926720,2736
2027-07,JA,JA,GIG,MDZ,Airbus,Narrow,A320,A320,320,5,930,1583790,1350
2027-07,JA,JA,GIG,MDZ,Airbus,Narrow,A320,A321,321,4,960,1634880,1080
2027-07,JA,JA,GIG,MVD,Airbus,Narrow,A320,A320,320,2,372,421476,388
2027-07,JA,JA,GIG,MVD,Airbus,Narrow,A320,A321,321,29,6960,7885680,5626
2027-07,JA,JA,GIG,SCL,Airbus,Narrow,A320,A320,320,10,1860,3394500,3000
2027-07,JA,JA,GIG,SCL,Airbus,Narrow,A320,A321,321,43,10320,18834000,12900
2027-07,JA,JA,GRU,SCL,Airbus,Narrow,A320,A320,320,44,8184,13307184,11836
2027-07,JA,JA,GRU,SCL,Airbus,Narrow,A320,A321,321,80,19200,31219200,21520
2027-07,JA,JA,IGU,SCL,Airbus,Narrow,A320,A320,320,10,1860,2073900,1980
2027-07,JA,JA,IGU,SCL,Airbus,Narrow,A320,A321,321,8,1920,2140800,1584
2027-07,JA,JA,IQQ,CCP,Airbus,Narrow,A320,A320,320,19,3534,4074702,3249
2027-07,JA,JA,IQQ,LSC,Airbus,Narrow,A320,A320,320,18,3348,2243160,2016
2027-07,JA,JA,IQQ,LSC,Airbus,Narrow,A320,A321,321,2,480,321600,224
2027-07,JA,JA,IQQ,SCL,Airbus,Narrow,A320,A320,320,11,2046,1855722,1518
2027-07,JA,JA,IQQ,SCL,Airbus,Narrow,A320,A321,321,17,4080,3700560,2346
2027-07,JA,JA,LSC,ANF,Airbus,Narrow,A320,A320,320,29,5394,2416512,2378
2027-07,JA,JA,LSC,ARI,Airbus,Narrow,A320,A320,320,17,3162,2526438,2091
2027-07,JA,JA,LSC,CCP,Airbus,Narrow,A320,A320,320,17,3162,1533570,1513
2027-07,JA,JA,LSC,CJC,Airbus,Narrow,A320,A320,320,32,5952,3154560,2880
2027-07,JA,JA,LSC,IQQ,Airbus,Narrow,A320,A320,320,15,2790,1869300,1620
2027-07,JA,JA,LSC,IQQ,Airbus,Narrow,A320,A321,321,8,1920,1286400,864
2027-07,JA,JA,LSC,SCL,Airbus,Narrow,A320,A320,320,18,3348,806868,1080
2027-07,JA,JA,LSC,SCL,Airbus,Narrow,A320,A321,321,2,480,115680,120
2027-07,JA,JA,MDZ,GIG,Airbus,Narrow,A320,A320,320,5,930,1583790,1075
2027-07,JA,JA,MDZ,GIG,Airbus,Narrow,A320,A321,321,4,960,1634880,860
2027-07,JA,JA,MDZ,SCL,Airbus,Narrow,A320,A320,320,18,3348,408456,1152
2027-07,JA,JA,MDZ,SCL,Airbus,Narrow,A320,A321,321,11,2640,322080,704
2027-07,JA,JA,MVD,GIG,Airbus,Narrow,A320,A320,320,2,372,421476,330
2027-07,JA,JA,MVD,GIG,Airbus,Narrow,A320,A321,321,29,6960,7885680,4785
2027-07,JA,JA,PMC,SCL,Airbus,Narrow,A320,A320,320,11,2046,1164174,1144
2027-07,JA,JA,PMC,SCL,Airbus,Narrow,A320,A321,321,1,240,136560,104
2027-07,JA,JA,SCL,AEP,Airbus,Narrow,A320,A320,320,31,5766,4116924,3968
2027-07,JA,JA,SCL,AEP,Airbus,Narrow,A320,A321,321,17,4080,2913120,2191
2027-07,JA,JA,SCL,ANF,Airbus,Narrow,A320,A320,320,50,9300,6370500,6249
2027-07,JA,JA,SCL,ANF,Airbus,Narrow,A320,A321,321,18,4320,2959200,2264
2027-07,JA,JA,SCL,CCP,Airbus,Narrow,A320,A320,320,25,4650,1241550,1750
2027-07,JA,JA,SCL,CCP,Airbus,Narrow,A320,A321,321,2,480,128160,136
2027-07,JA,JA,SCL,CJC,Airbus,Narrow,A320,A320,320,57,10602,8046918,7410
2027-07,JA,JA,SCL,CJC,Airbus,Narrow,A320,A321,321,6,1440,1092960,780
2027-07,JA,JA,SCL,CLO,Airbus,Narrow,A320,A320,320,10,1860,4772760,3650
2027-07,JA,JA,SCL,CLO,Airbus,Narrow,A320,A321,321,8,1920,4926720,2920
2027-07,JA,JA,SCL,GIG,Airbus,Narrow,A320,A320,320,10,1860,3394500,2480
2027-07,JA,JA,SCL,GIG,Airbus,Narrow,A320,A321,321,43,10320,18834000,10664
2027-07,JA,JA,SCL,GRU,Airbus,Narrow,A320,A320,320,44,8184,13307184,10340
2027-07,JA,JA,SCL,GRU,Airbus,Narrow,A320,A321,321,80,19200,31219200,18800
2027-07,JA,JA,SCL,IGU,Airbus,Narrow,A320,A320,320,10,1860,2073900,1760
2027-07,JA,JA,SCL,IGU,Airbus,Narrow,A320,A321,321,8,1920,2140800,1408
2027-07,JA,JA,SCL,IQQ,Airbus,Narrow,A320,A320,320,14,2604,2361828,2044
2027-07,JA,JA,SCL,IQQ,Airbus,Narrow,A320,A321,321,11,2640,2394480,1606
2027-07,JA,JA,SCL,LSC,Airbus,Narrow,A320,A320,320,15,2790,672390,1065
2027-07,JA,JA,SCL,LSC,Airbus,Narrow,A320,A321,321,8,1920,462720,568
2027-07,JA,JA,SCL,MDZ,Airbus,Narrow,A320,A320,320,18,3348,408456,1188
2027-07,JA,JA,SCL,MDZ,Airbus,Narrow,A320,A321,321,11,2640,322080,726
2027-07,JA,JA,SCL,PMC,Airbus,Narrow,A320,A320,320,11,2046,1164174,1199
2027-07,JA,JA,SCL,PMC,Airbus,Narrow,A320,A321,321,1,240,136560,103
2027-07,JA,JA,SCL,TRU,Airbus,Narrow,A320,A320,320,13,2418,4400760,3484
2027-07,JA,JA,SCL,ZCO,Airbus,Narrow,A320,A320,320,12,2232,859320,1056
2027-07,JA,JA,TRU,SCL,Airbus,Narrow,A320,A320,320,13,2418,4400760,3172
2027-07,JA,JA,ZCO,SCL,Airbus,Narrow,A320,A320,320,12,2232,859320,1020
2027-07,JA,JZ,AEP,LIM,Airbus,Narrow,A320,A320,320,31,5766,11220636,9083
2027-07,JA,JZ,AQP,CUZ,Airbus,Narrow,A320,A320,320,2,372,72540,130
2027-07,JA,JZ,AQP,LIM,Airbus,Narrow,A320,A320,320,104,19344,9207744,10400
2027-07,JA,JZ,CIX,LIM,Airbus,Narrow,A320,A320,320,33,6138,2485890,2768
2027-07,JA,JZ,CJA,LIM,Airbus,Narrow,A320,A320,320,36,6696,2336904,2664
2027-07,JA,JZ,CTG,LIM,Airbus,Narrow,A320,A320,320,13,2418,3743064,2847
2027-07,JA,JZ,CUZ,LIM,Airbus,Narrow,A320,A320,320,293,54498,19782774,29259
2027-07,JA,JZ,LIM,AEP,Airbus,Narrow,A320,A320,320,31,5766,11220636,8215
2027-07,JA,JZ,LIM,AQP,Airbus,Narrow,A320,A320,320,106,19716,9384816,9752
2027-07,JA,JZ,LIM,CIX,Airbus,Narrow,A320,A320,320,33,6138,2485890,3003
2027-07,JA,JZ,LIM,CJA,Airbus,Narrow,A320,A320,320,36,6696,2336904,3060
2027-07,JA,JZ,LIM,CTG,Airbus,Narrow,A320,A320,320,13,2418,3743064,2938
2027-07,JA,JZ,LIM,CUZ,Airbus,Narrow,A320,A320,320,291,54126,19647738,24734
2027-07,JA,JZ,LIM,MDE,Airbus,Narrow,A320,A320,320,31,5766,7236330,6045
2027-07,JA,JZ,LIM,PIU,Airbus,Narrow,A320,A320,320,42,7812,4109112,4619
2027-07,JA,JZ,LIM,SCL,Airbus,Narrow,A320,A320,320,31,5766,8787384,6851
2027-07,JA,JZ,LIM,TPP,Airbus,Narrow,A320,A320,320,73,13578,5186796,6570
2027-07,JA,JZ,LIM,UIO,Airbus,Narrow,A320,A320,320,15,2790,2293380,2160
2027-07,JA,JZ,MDE,LIM,Airbus,Narrow,A320,A320,320,31,5766,7236330,5890
2027-07,JA,JZ,PIU,LIM,Airbus,Narrow,A320,A320,320,42,7812,4109112,3904
2027-07,JA,JZ,SCL,LIM,Airbus,Narrow,A320,A320,320,31,5766,8787384,7409
2027-07,JA,JZ,TPP,LIM,Airbus,Narrow,A320,A320,320,73,13578,5186796,6116
2027-07,JA,JZ,UIO,LIM,Airbus,Narrow,A320,A320,320,15,2790,2293380,2040
2027-07,JA,WJ,AEP,ASU,Airbus,Narrow,A320,A320,320,22,4092,2635248,2464
2027-07,JA,WJ,AEP,ASU,Airbus,Narrow,A320,A321,321,9,2160,1391040,1008
2027-07,JA,WJ,AEP,BRC,Airbus,Narrow,A320,A320,320,51,9486,7882866,7395
2027-07,JA,WJ,AEP,BRC,Airbus,Narrow,A320,A321,321,83,19920,16553520,12035
2027-07,JA,WJ,AEP,COR,Airbus,Narrow,A320,A320,320,54,10044,4057776,4752
2027-07,JA,WJ,AEP,COR,Airbus,Narrow,A320,A321,321,40,9600,3878400,3520
2027-07,JA,WJ,AEP,CPC,Airbus,Narrow,A320,A320,320,53,9858,7846968,7526
2027-07,JA,WJ,AEP,CRD,Airbus,Narrow,A320,A320,320,15,2790,2536110,2235
2027-07,JA,WJ,AEP,CRD,Airbus,Narrow,A320,A321,321,16,3840,3490560,2384
2027-07,JA,WJ,AEP,GIG,Airbus,Narrow,A320,A320,320,4,744,910656,704
2027-07,JA,WJ,AEP,GIG,Airbus,Narrow,A320,A321,321,63,15120,18506880,11033
2027-07,JA,WJ,AEP,IGR,Airbus,Narrow,A320,A320,320,25,4650,3031800,2850
2027-07,JA,WJ,AEP,IGR,Airbus,Narrow,A320,A321,321,61,14640,9545280,6954
2027-07,JA,WJ,AEP,MDZ,Airbus,Narrow,A320,A320,320,50,9300,5663700,5950
2027-07,JA,WJ,AEP,MDZ,Airbus,Narrow,A320,A321,321,51,12240,7454160,6069
2027-07,JA,WJ,AEP,NAT,Airbus,Narrow,A320,A320,320,18,3348,8262864,6030
2027-07,JA,WJ,AEP,NQN,Airbus,Narrow,A320,A320,320,40,7440,4605360,4760
2027-07,JA,WJ,AEP,NQN,Airbus,Narrow,A320,A321,321,46,11040,6833760,5474
2027-07,JA,WJ,AEP,REC,Airbus,Narrow,A320,A320,320,22,4092,9628476,6952
2027-07,JA,WJ,AEP,REL,Airbus,Narrow,A320,A320,320,18,3348,2356992,2250
2027-07,JA,WJ,AEP,REL,Airbus,Narrow,A320,A321,321,5,1200,844800,625
2027-07,JA,WJ,AEP,RES,Airbus,Narrow,A320,A320,320,23,4278,2100498,2185
2027-07,JA,WJ,AEP,SCL,Airbus,Narrow,A320,A320,320,4,744,531216,592
2027-07,JA,WJ,AEP,SCL,Airbus,Narrow,A320,A321,321,40,9600,6854400,5920
2027-07,JA,WJ,AEP,SLA,Airbus,Narrow,A320,A320,320,14,2604,2059764,1904
2027-07,JA,WJ,AEP,SLA,Airbus,Narrow,A320,A321,321,41,9840,7783440,5576
2027-07,JA,WJ,AEP,TUC,Airbus,Narrow,A320,A320,320,22,4092,2733456,2640
2027-07,JA,WJ,AEP,TUC,Airbus,Narrow,A320,A321,321,17,4080,2725440,2040
2027-07,JA,WJ,AEP,USH,Airbus,Narrow,A320,A320,320,15,2790,4120830,3270
2027-07,JA,WJ,AEP,USH,Airbus,Narrow,A320,A321,321,4,960,1417920,872
2027-07,JA,WJ,ASU,AEP,Airbus,Narrow,A320,A320,320,22,4092,2635248,2530
2027-07,JA,WJ,ASU,AEP,Airbus,Narrow,A320,A321,321,9,2160,1391040,1035
2027-07,JA,WJ,BRC,AEP,Airbus,Narrow,A320,A320,320,46,8556,7110036,5750
2027-07,JA,WJ,BRC,AEP,Airbus,Narrow,A320,A321,321,91,21840,18149040,11375
2027-07,JA,WJ,BRC,EZE,Airbus,Narrow,A320,A320,320,44,8184,6661776,5500
2027-07,JA,WJ,BRC,EZE,Airbus,Narrow,A320,A321,321,70,16800,13675200,8750
2027-07,JA,WJ,BRC,MVD,Airbus,Narrow,A320,A321,321,2,480,447360,342
2027-07,JA,WJ,COR,AEP,Airbus,Narrow,A320,A320,320,54,10044,4057776,4212
2027-07,JA,WJ,COR,AEP,Airbus,Narrow,A320,A321,321,40,9600,3878400,3120
2027-07,JA,WJ,CPC,AEP,Airbus,Narrow,A320,A320,320,50,9300,7402800,6000
2027-07,JA,WJ,CPC,EZE,Airbus,Narrow,A320,A320,320,10,1860,1452660,1200
2027-07,JA,WJ,CRD,AEP,Airbus,Narrow,A320,A320,320,15,2790,2536110,2100
2027-07,JA,WJ,CRD,AEP,Airbus,Narrow,A320,A321,321,16,3840,3490560,2240
2027-07,JA,WJ,EZE,BRC,Airbus,Narrow,A320,A320,320,39,7254,5904756,5655
2027-07,JA,WJ,EZE,BRC,Airbus,Narrow,A320,A321,321,80,19200,15628800,11600
2027-07,JA,WJ,EZE,CPC,Airbus,Narrow,A320,A320,320,7,1302,1016862,994
2027-07,JA,WJ,EZE,GIG,Airbus,Narrow,A320,A321,321,18,4320,5356800,3154
2027-07,JA,WJ,EZE,IGR,Airbus,Narrow,A320,A320,320,43,7998,5366658,4902
2027-07,JA,WJ,EZE,IGR,Airbus,Narrow,A320,A321,321,40,9600,6441600,4560
2027-07,JA,WJ,EZE,MDZ,Airbus,Narrow,A320,A320,320,13,2418,1462890,1547
2027-07,JA,WJ,EZE,MDZ,Airbus,Narrow,A320,A321,321,8,1920,1161600,952
2027-07,JA,WJ,EZE,NQN,Airbus,Narrow,A320,A320,320,19,3534,2134536,2261
2027-07,JA,WJ,EZE,NQN,Airbus,Narrow,A320,A321,321,29,6960,4203840,3451
2027-07,JA,WJ,EZE,REC,Airbus,Narrow,A320,A320,320,1,186,440820,316
2027-07,JA,WJ,EZE,SCL,Airbus,Narrow,A320,A320,320,2,372,263748,290
2027-07,JA,WJ,EZE,SLA,Airbus,Narrow,A320,A320,320,22,4092,3281784,2992
2027-07,JA,WJ,EZE,SLA,Airbus,Narrow,A320,A321,321,12,2880,2309760,1632
2027-07,JA,WJ,EZE,TUC,Airbus,Narrow,A320,A320,320,8,1488,1008864,960
2027-07,JA,WJ,EZE,TUC,Airbus,Narrow,A320,A321,321,9,2160,1464480,1080
2027-07,JA,WJ,EZE,USH,Airbus,Narrow,A320,A320,320,9,1674,2440692,1962
2027-07,JA,WJ,EZE,USH,Airbus,Narrow,A320,A321,321,16,3840,5598720,3488
2027-07,JA,WJ,GIG,AEP,Airbus,Narrow,A320,A320,320,4,744,910656,820
2027-07,JA,WJ,GIG,AEP,Airbus,Narrow,A320,A321,321,63,15120,18506880,12915
2027-07,JA,WJ,GIG,EZE,Airbus,Narrow,A320,A321,321,18,4320,5356800,3744
2027-07,JA,WJ,IGR,AEP,Airbus,Narrow,A320,A320,320,43,7998,5214696,5160
2027-07,JA,WJ,IGR,AEP,Airbus,Narrow,A320,A321,321,73,17520,11423040,8760
2027-07,JA,WJ,IGR,EZE,Airbus,Narrow,A320,A320,320,25,4650,3120150,3000
2027-07,JA,WJ,IGR,EZE,Airbus,Narrow,A320,A321,321,28,6720,4509120,3360
2027-07,JA,WJ,MDZ,AEP,Airbus,Narrow,A320,A320,320,44,8184,4984056,4356
2027-07,JA,WJ,MDZ,AEP,Airbus,Narrow,A320,A321,321,42,10080,6138720,4158
2027-07,JA,WJ,MDZ,EZE,Airbus,Narrow,A320,A320,320,19,3534,2138070,1879
2027-07,JA,WJ,MDZ,EZE,Airbus,Narrow,A320,A321,321,17,4080,2468400,1683
2027-07,JA,WJ,MDZ,SLA,Airbus,Narrow,A320,A320,320,14,2604,1523340,1386
2027-07,JA,WJ,MVD,REC,Airbus,Narrow,A320,A320,320,1,186,423150,306
2027-07,JA,WJ,NAT,AEP,Airbus,Narrow,A320,A320,320,18,3348,8262864,6390
2027-07,JA,WJ,NQN,AEP,Airbus,Narrow,A320,A320,320,40,7440,4605360,4000
2027-07,JA,WJ,NQN,AEP,Airbus,Narrow,A320,A321,321,51,12240,7576560,5100
2027-07,JA,WJ,NQN,EZE,Airbus,Narrow,A320,A320,320,16,2976,1797504,1600
2027-07,JA,WJ,NQN,EZE,Airbus,Narrow,A320,A321,321,27,6480,3913920,2700
2027-07,JA,WJ,NQN,SLA,Airbus,Narrow,A320,A320,320,4,744,732096,588
2027-07,JA,WJ,NQN,SLA,Airbus,Narrow,A320,A321,321,18,4320,4250880,2646
2027-07,JA,WJ,REC,AEP,Airbus,Narrow,A320,A320,320,22,4092,9628476,7260
2027-07,JA,WJ,REC,MVD,Airbus,Narrow,A320,A320,320,2,372,846300,612
2027-07,JA,WJ,REL,AEP,Airbus,Narrow,A320,A320,320,18,3348,2356992,2106
2027-07,JA,WJ,REL,AEP,Airbus,Narrow,A320,A321,321,5,1200,844800,585
2027-07,JA,WJ,RES,AEP,Airbus,Narrow,A320,A320,320,23,4278,2100498,2093
2027-07,JA,WJ,SCL,AEP,Airbus,Narrow,A320,A320,320,4,744,531216,524
2027-07,JA,WJ,SCL,AEP,Airbus,Narrow,A320,A321,321,40,9600,6854400,5240
2027-07,JA,WJ,SCL,EZE,Airbus,Narrow,A320,A320,320,2,372,263748,252
2027-07,JA,WJ,SLA,AEP,Airbus,Narrow,A320,A320,320,21,3906,3089646,2625
2027-07,JA,WJ,SLA,AEP,Airbus,Narrow,A320,A321,321,21,5040,3986640,2625
2027-07,JA,WJ,SLA,EZE,Airbus,Narrow,A320,A320,320,18,3348,2685096,2250
2027-07,JA,WJ,SLA,EZE,Airbus,Narrow,A320,A321,321,29,6960,5581920,3625
2027-07,JA,WJ,SLA,MDZ,Airbus,Narrow,A320,A320,320,14,2604,1523340,1470
2027-07,JA,WJ,SLA,NQN,Airbus,Narrow,A320,A320,320,1,186,183024,155
2027-07,JA,WJ,SLA,NQN,Airbus,Narrow,A320,A321,321,21,5040,4959360,3255
2027-07,JA,WJ,TUC,AEP,Airbus,Narrow,A320,A320,320,18,3348,2236464,1944
2027-07,JA,WJ,TUC,AEP,Airbus,Narrow,A320,A321,321,21,5040,3366720,2268
2027-07,JA,WJ,TUC,EZE,Airbus,Narrow,A320,A320,320,12,2232,1513296,1296
2027-07,JA,WJ,TUC,EZE,Airbus,Narrow,A320,A321,321,5,1200,813600,540
2027-07,JA,WJ,USH,AEP,Airbus,Narrow,A320,A320,320,6,1116,1648332,1260
2027-07,JA,WJ,USH,AEP,Airbus,Narrow,A320,A321,321,5,1200,1772400,1050
2027-07,JA,WJ,USH,EZE,Airbus,Narrow,A320,A320,320,18,3348,4881384,3780
2027-07,JA,WJ,USH,EZE,Airbus,Narrow,A320,A321,321,15,3600,5248800,3150