origin,destination,avg_enroute_min
EBBR,SBGR,721.2
EDDF,SBGR,725.0
EGLL,SBGR,685.0
EGYP,SAWG,89.0
EGYP,SCCI,99.3
EHAM,SBGR,745.6
FACT,SBGR,540.0
FAOR,SBGR,621.2
KBOS,SBGR,580.8
KJFK,SBGR,584.7
KJFK,SCEL,635.0
KLAX,SBGR,696.0
KLAX,SCEL,640.0
KMCO,SBGR,516.4
KMIA,MDPC,145.0
KMIA,MMUN,125.0
KMIA,SAEZ,532.1
KMIA,SBFZ,410.0
KMIA,SBGR,500.2
KMIA,SCEL,489.9
LEBL,SBGR,658.3
LEMD,SBGR,635.0
LEMD,SCEL,804.4
LFPG,SBGR,710.0
LIMC,SBGR,720.0
LIRF,SBGR,719.5
LPPT,SBFZ,480.0
LPPT,SBGR,609.7
MDPC,KMIA,160.0
MDPC,SBGR,400.0
MDPC,SCEL,455.0
MMMX,SBGR,543.3
MMUN,KMIA,105.0
MMUN,SCEL,460.0
NZAA,SCEL,663.5
SAAR,SBGR,169.4
SABE,SBGL,170.0
SABE,SBGR,161.6
SABE,SBPA,90.0
SABE,SCEL,143.9
SACO,SBGR,186.5
SACO,SCEL,86.7
SAEZ,KMIA,542.8
SAEZ,SBGL,180.0
SAEZ,SBGR,160.0
SAEZ,SBRF,310.0
SAEZ,SCEL,135.3
SAME,SBGR,205.6
SAME,SCEL,60.2
SAWG,EGYP,83.0
SAWG,SCCI,55.0
SAWH,SBGR,326.1
SAZN,SCEL,82.5
SAZS,SBGR,252.7
SBAR,SBBR,135.0
SBAR,SBGR,166.3
SBAR,SBSP,170.0
SBBE,SBBR,157.5
SBBE,SBEG,130.0
SBBE,SBFZ,120.0
SBBE,SBGR,220.9
SBBE,SBMQ,55.0
SBBR,SBAR,130.0
SBBR,SBBE,152.5
SBBR,SBBV,215.8
SBBR,SBCF,75.0
SBBR,SBCG,105.8
SBBR,SBCT,118.3
SBBR,SBCY,105.0
SBBR,SBEG,179.9
SBBR,SBFI,135.0
SBBR,SBFL,135.0
SBBR,SBFZ,156.6
SBBR,SBGL,103.4
SBBR,SBGO,46.6
SBBR,SBGR,103.8
SBBR,SBIZ,115.0
SBBR,SBJP,157.6
SBBR,SBKG,136.8
SBBR,SBKP,96.8
SBBR,SBMA,115.0
SBBR,SBMO,145.1
SBBR,SBMQ,165.0
SBBR,SBPA,158.2
SBBR,SBPJ,75.3
SBBR,SBPS,100.0
SBBR,SBPV,180.0
SBBR,SBRB,205.0
SBBR,SBRF,154.8
SBBR,SBRJ,100.0
SBBR,SBSG,159.9
SBBR,SBSI,105.0
SBBR,SBSL,145.0
SBBR,SBSN,155.0
SBBR,SBSP,104.5
SBBR,SBSV,112.5
SBBR,SBTE,130.0
SBBR,SBUL,60.0
SBBR,SBVT,105.0
SBBR,SCEL,291.5
SBBV,SBBR,215.0
SBBV,SBGR,290.0
SBCA,SBGR,97.9
SBCF,SBBR,85.0
SBCF,SBFZ,169.7
SBCF,SBGR,81.0
SBCF,SBPA,135.0
SBCF,SBPS,75.0
SBCF,SBSP,80.9
SBCF,SCEL,300.6
SBCG,SBBR,97.5
SBCG,SBGR,102.5
SBCG,SBSP,101.4
SBCH,SBGR,97.0
SBCN,SBGR,86.6
SBCT,SBBR,115.0
SBCT,SBFI,75.0
SBCT,SBGL,85.0
SBCT,SBGR,75.8
SBCT,SBPA,74.9
SBCT,SBSP,64.5
SBCT,SCEL,230.0
SBCX,SBGR,99.8
SBCY,SBBR,100.0
SBCY,SBGR,136.0
SBCY,SBSP,135.3
SBDB,SBGR,113.8
SBDO,SBGR,107.7
SBEG,SBBE,130.0
SBEG,SBBR,177.4
SBEG,SBFZ,205.0
SBEG,SBGL,250.0
SBEG,SBGR,235.2
SBFI,SBBR,120.0
SBFI,SBCT,70.0
SBFI,SBGL,115.5
SBFI,SBGR,103.8
SBFI,SBSP,93.3
SBFL,SBBR,132.9
SBFL,SBGR,86.5
SBFL,SBPA,65.0
SBFL,SBSP,70.1
SBFL,SCEL,223.9
SBFN,SBGR,236.2
SBFZ,KMIA,430.0
SBFZ,LPPT,415.0
SBFZ,SBBE,120.0
SBFZ,SBBR,163.2
SBFZ,SBCF,170.0
SBFZ,SBEG,205.0
SBFZ,SBGL,203.4
SBFZ,SBGR,211.6
SBFZ,SBJU,60.0
SBFZ,SBPB,62.2
SBFZ,SBRF,75.0
SBFZ,SBSG,60.0
SBFZ,SBSL,80.0
SBFZ,SBSP,220.0
SBFZ,SBSV,105.0
SBFZ,SBTE,65.0
SBFZ,SCEL,415.0
SBGL,SABE,195.0
SBGL,SAEZ,210.0
SBGL,SBBR,109.7
SBGL,SBCT,79.9
SBGL,SBEG,252.7
SBGL,SBFI,135.0
SBGL,SBFZ,196.6
SBGL,SBGR,71.9
SBGL,SBJP,180.0
SBGL,SBPA,124.2
SBGL,SBPS,95.0
SBGL,SBSL,194.1
SBGL,SBSV,120.3
SBGL,SBVT,64.9
SBGL,SCEL,293.2
SBGO,SBBR,46.9
SBGO,SBGR,104.7
SBGO,SBSP,99.2
SBGR,EBBR,701.5
SBGR,EDDF,700.0
SBGR,EGLL,675.0
SBGR,EHAM,715.4
SBGR,FACT,431.8
SBGR,FAOR,511.0
SBGR,KBOS,590.0
SBGR,KJFK,590.0
SBGR,KLAX,743.3
SBGR,KMCO,528.5
SBGR,KMIA,508.5
SBGR,LEBL,630.0
SBGR,LEMD,603.3
SBGR,LFPG,675.0
SBGR,LIMC,672.5
SBGR,LIRF,685.0
SBGR,LPPT,575.0
SBGR,MDPC,400.0
SBGR,MMMX,558.8
SBGR,SAAR,191.8
SBGR,SABE,181.5
SBGR,SACO,205.0
SBGR,SAEZ,180.0
SBGR,SAME,239.4
SBGR,SAWH,341.1
SBGR,SAZS,280.0
SBGR,SBAR,154.8
SBGR,SBBE,219.6
SBGR,SBBR,101.6
SBGR,SBBV,269.6
SBGR,SBCA,95.3
SBGR,SBCF,70.0
SBGR,SBCG,109.8
SBGR,SBCH,100.0
SBGR,SBCN,80.0
SBGR,SBCT,63.2
SBGR,SBCX,100.0
SBGR,SBCY,134.9
SBGR,SBDB,120.0
SBGR,SBDO,105.0
SBGR,SBEG,237.0
SBGR,SBFI,106.2
SBGR,SBFL,74.4
SBGR,SBFN,235.0
SBGR,SBFZ,203.9
SBGR,SBGL,60.0
SBGR,SBGO,98.9
SBGR,SBIL,121.4
SBGR,SBIZ,180.0
SBGR,SBJA,84.5
SBGR,SBJE,205.0
SBGR,SBJP,189.9
SBGR,SBJU,174.5
SBGR,SBJV,71.5
SBGR,SBLO,74.8
SBGR,SBMG,86.6
SBGR,SBMK,90.0
SBGR,SBMO,169.9
SBGR,SBMQ,235.0
SBGR,SBNF,70.0
SBGR,SBPA,104.9
SBGR,SBPF,99.4
SBGR,SBPJ,146.7
SBGR,SBPK,120.0
SBGR,SBPL,154.8
SBGR,SBPS,110.0
SBGR,SBPV,219.8
SBGR,SBRB,240.4
SBGR,SBRF,181.6
SBGR,SBRJ,57.4
SBGR,SBRP,60.0
SBGR,SBSG,193.7
SBGR,SBSI,155.0
SBGR,SBSL,205.2
SBGR,SBSR,70.0
SBGR,SBSV,139.9
SBGR,SBTC,118.3
SBGR,SBTE,186.7
SBGR,SBUL,75.0
SBGR,SBUR,70.0
SBGR,SBVC,113.6
SBGR,SBVT,85.1
SBGR,SBZM,61.3
SBGR,SCEL,260.2
SBGR,SPJC,317.5
SBGR,SUMU,159.2
SBIL,SBGR,130.1
SBIL,SBSP,140.0
SBIZ,SBBR,115.0
SBIZ,SBGR,184.2
SBJA,SBGR,100.2
SBJE,SBGR,209.9
SBJP,SBBR,167.5
SBJP,SBGL,179.6
SBJP,SBGR,208.2
SBJP,SBSP,210.0
SBJU,SBFZ,60.0
SBJU,SBGR,186.0
SBJV,SBGR,70.0
SBJV,SBSP,65.0
SBKG,SBBR,145.0
SBKP,SBBR,96.8
SBLO,SBGR,76.5
SBLO,SBSP,69.9
SBMA,SBBR,125.0
SBMG,SBGR,86.9
SBMG,SBSP,80.0
SBMK,SBGR,95.0
SBMO,SBBR,150.0
SBMO,SBGR,185.1
SBMO,SBSP,189.7
SBMQ,SBBE,55.0
SBMQ,SBBR,165.0
SBMQ,SBGR,234.8
SBNF,SBGR,74.5
SBNF,SBSP,64.8
SBPA,SABE,110.0
SBPA,SBBR,151.6
SBPA,SBCF,128.7
SBPA,SBCT,70.0
SBPA,SBFL,50.0
SBPA,SBGL,115.0
SBPA,SBGR,105.0
SBPA,SBPS,180.0
SBPA,SBSP,95.0
SBPA,SBSV,170.0
SBPA,SCEL,210.0
SBPB,SBFZ,62.8
SBPF,SBGR,95.4
SBPJ,SBBR,75.0
SBPJ,SBGR,145.0
SBPK,SBGR,120.0
SBPL,SBGR,164.7
SBPS,SBBR,109.2
SBPS,SBCF,75.0
SBPS,SBGL,95.0
SBPS,SBGR,126.1
SBPS,SBPA,180.0
SBPS,SBRJ,98.9
SBPS,SBSP,127.2
SBPV,SBBR,164.0
SBPV,SBGR,220.0
SBRB,SBBR,190.0
SBRB,SBGR,235.4
SBRF,SAEZ,330.0
SBRF,SBBR,164.3
SBRF,SBFZ,85.0
SBRF,SBGR,198.5
SBRF,SBSP,208.6
SBRF,SCEL,400.5
SBRJ,SBBR,105.9
SBRJ,SBGR,70.0
SBRJ,SBPS,105.5
SBRJ,SBSP,68.3
SBRJ,SBSV,115.0
SBRP,SBGR,80.0
SBRP,SBSP,64.6
SBSG,SBBR,167.5
SBSG,SBFZ,65.0
SBSG,SBGR,208.6
SBSG,SBSP,213.1
SBSI,SBBR,105.0
SBSI,SBGR,154.2
SBSL,SBBR,150.0
SBSL,SBFZ,80.0
SBSL,SBGL,200.0
SBSL,SBGR,209.8
SBSL,SBSP,210.0
SBSN,SBBR,155.0
SBSP,SBAR,160.0
SBSP,SBBR,105.6
SBSP,SBCF,75.0
SBSP,SBCG,110.0
SBSP,SBCT,60.0
SBSP,SBCY,140.1
SBSP,SBFI,105.0
SBSP,SBFL,72.7
SBSP,SBFZ,206.3
SBSP,SBGO,100.0
SBSP,SBIL,130.4
SBSP,SBJP,195.0
SBSP,SBJV,65.0
SBSP,SBLO,75.1
SBSP,SBMG,80.0
SBSP,SBMO,175.0
SBSP,SBNF,65.0
SBSP,SBPA,100.0
SBSP,SBPS,117.4
SBSP,SBRF,185.0
SBSP,SBRJ,60.2
SBSP,SBRP,60.0
SBSP,SBSG,200.0
SBSP,SBSL,210.0
SBSP,SBSR,70.0
SBSP,SBSV,145.0
SBSP,SBTC,120.0
SBSP,SBTE,210.0
SBSP,SBUL,80.0
SBSP,SBVT,90.0
SBSR,SBGR,72.2
SBSR,SBSP,65.0
SBSV,SBBR,118.8
SBSV,SBFZ,110.0
SBSV,SBGL,130.0
SBSV,SBGR,149.9
SBSV,SBPA,191.2
SBSV,SBRJ,115.0
SBSV,SBSP,156.3
SBTC,SBGR,140.0
SBTC,SBSP,145.0
SBTE,SBBR,132.5
SBTE,SBFZ,70.0
SBTE,SBGR,188.3
SBTE,SBSP,190.0
SBUL,SBBR,54.4
SBUL,SBGR,82.8
SBUL,SBSP,76.2
SBUR,SBGR,80.0
SBVC,SBGR,120.1
SBVT,SBBR,110.0
SBVT,SBGL,66.8
SBVT,SBGR,99.2
SBVT,SBSP,100.0
SBZM,SBGR,70.0
SCAR,SCEL,153.1
SCAT,SCEL,77.8
SCBA,SCEL,144.4
SCBA,SCTE,68.0
SCCF,SCEL,125.7
SCCF,SCFA,49.0
SCCF,SCIE,158.2
SCCI,EGYP,99.0
SCCI,SAWG,62.0
SCCI,SCEL,208.0
SCCI,SCTE,133.0
SCDA,SCEL,135.5
SCEL,KJFK,645.0
SCEL,KLAX,681.9
SCEL,KMIA,520.7
SCEL,LEMD,775.0
SCEL,MDPC,460.0
SCEL,MMUN,495.0
SCEL,NZAA,760.0
SCEL,SABE,123.8
SCEL,SACO,93.6
SCEL,SAEZ,120.4
SCEL,SAME,65.6
SCEL,SAZN,89.0
SCEL,SBBR,250.0
SCEL,SBCF,261.1
SCEL,SBCT,196.7
SCEL,SBFL,201.8
SCEL,SBFZ,365.0
SCEL,SBGL,248.9
SCEL,SBGR,237.8
SCEL,SBPA,202.0
SCEL,SBRF,395.0
SCEL,SCAR,160.0
SCEL,SCAT,91.8
SCEL,SCBA,144.5
SCEL,SCCF,129.9
SCEL,SCCI,207.7
SCEL,SCDA,146.7
SCEL,SCFA,123.6
SCEL,SCIE,69.8
SCEL,SCIP,334.6
SCEL,SCJO,101.0
SCEL,SCPQ,117.1
SCEL,SCQP,86.6
SCEL,SCSE,68.9
SCEL,SCTE,106.7
SCEL,SCVD,100.3
SCEL,SKBO,368.8
SCEL,SLLP,179.0
SCEL,SLVR,200.0
SCEL,SPJC,235.9
SCEL,SUMU,138.0
SCEL,YMML,875.0
SCEL,YSSY,915.0
SCFA,SCEL,115.3
SCFA,SCIE,145.8
SCIE,SCCF,152.5
SCIE,SCEL,68.2
SCIE,SCFA,143.8
SCIP,SCEL,274.6
SCJO,SCEL,99.0
SCPQ,SCEL,108.4
SCQP,SCEL,83.6
SCSE,SCEL,63.4
SCSE,SCFA,78.0
SCTE,SCBA,66.0
SCTE,SCEL,104.4
SCVD,SCEL,92.1
SKBO,SCEL,351.7
SLLP,SLVR,73.0
SLVR,SCEL,189.7
SPJC,SBGR,291.8
SPJC,SCEL,214.1
SUMU,SBGR,159.2
SUMU,SCEL,157.6
YMML,SCEL,755.0
YSSY,SCEL,765.0
